account,source_title,author_or_institution,url,supporting_paragraphs
history-geography,Tectonics of the New Guinea region,"Baldwin, Fitzgerald & Webb · 2012",https://doi.org/10.1146/annurev-earth-040809-152540,1;2
history-geography,"West New Guinea: Social, Biological, and Material Histories",Gaffney & Tolla · ANU Press · 2025,https://press.anu.edu.au/publications/series/terra-australis/west-new-guinea,1;2
history-leadership,Sistem Politik Tradisional di Irian Jaya,J. R. Mansoben · 1995,https://www.papuaerfgoed.org/sites/default/files/collectie/files/2004-01/Mansoben_1995_Sistem.pdf,1;2
history-exchange,Sistem Politik Tradisional di Irian Jaya,J. R. Mansoben · 1995,https://www.papuaerfgoed.org/sites/default/files/collectie/files/2004-01/Mansoben_1995_Sistem.pdf,1;2
history-exchange,"West New Guinea: Social, Biological, and Material Histories",Gaffney & Tolla · ANU Press · 2025,https://press.anu.edu.au/publications/series/terra-australis/west-new-guinea,1;2
history-tidore,Topics relating to Netherlands New Guinea in nineteenth-century memoranda,J. A. Overweel · 1995,https://www.papuaerfgoed.org/sites/default/files/collectie/files/2004-10/Overweel_1995_Topics_13.pdf,1;2
history-pottery,"Late Holocene potting traditions in the far western Pacific: Evidence from the Raja Ampat Islands, 3500–1000 BP",Dylan Gaffney & Daud Tanudirjo · ANU Press,https://press-files.anu.edu.au/downloads/press/n12314/pdf/ch17.pdf,1;2
history-andarewa,Last Glacial Maximum to Late Holocene occupation on the Bomberai Peninsula,"Mene, Setiawan & Gaffney · ANU Press · 2025",https://press-files.anu.edu.au/downloads/press/n13144/pdf/ch09.pdf,1;2
history-toe-kria,"Late Pleistocene human occupation of inland rainforest, Bird’s Head, Irian Jaya","Pasveer, Clarke & Miller · 2002",https://researchportalplus.anu.edu.au/en/publications/late-pleistocene-human-occupation-of-inland-rainforest-birds-head/,1;2
history-mololo,Oldest plant artefact found outside Africa reveals Pacific’s role in early human migration,University of Oxford · 2024,https://www.ox.ac.uk/news/2024-08-15-oldest-plant-artefact-found-outside-africa-reveals-pacifics-role-early-human,1;2
history-mololo,Mololo Cave study,Antiquity · 2024,https://doi.org/10.15184/aqy.2024.83,1;2
history-languages,The languages of West New Guinea,Laura Arnold · ANU Press · 2025,https://press-files.anu.edu.au/downloads/press/n13144/pdf/ch03.pdf,1;2
history-sago,A sweetness like unto death: voices of the indigenous Malind of Merauke,Forest Peoples Programme · 2013,https://www.forestpeoples.org/publications-resources/reports/article/a-sweetness-like-unto-death-voices-of-the-indigenous-malind-of-merauke-papua/,1;2
history-khombouw,Fansoway Art: galeri karya seni dan kerajinan Kampung Asei Besar,Jubi · 2024,https://jubi.id/seni-budaya/2024/fansoway-art-galeri-karya-seni-dan-kerajinan-kampung-asei-besar-sentani/,1;2
history-khombouw,Agustinus Ongge and Rebirthing Traditions,Sentani Arts,https://sentaniarts.wordpress.com/about/,1;2
history-noken-practice,"Noken, multifunctional knotted or woven bag handcraft",UNESCO,https://ich.unesco.org/en/USL/noken-multifunctional-knotted-or-woven-bag-handcraft-of-the-people-of-papua-00619,1;2
history-muyu-makers,Muyu noken (men): Shifting economic opportunities and cultural values,Veronika Triariyani Kanem · ANU Press · 2025,https://press-files.anu.edu.au/downloads/press/n13144/pdf/ch19.pdf,1;2
history-living,"Noken: multifunctional knotted or woven bag, handcraft of the people of Papua",UNESCO,https://ich.unesco.org/en/USL/noken-multifunctional-knotted-or-woven-bag-handcraft-of-the-people-of-papua-00619,1;2
history-sahul,"West New Guinea: Social, Biological, and Material Histories",Gaffney & Tolla · ANU Press · 2025,https://press.anu.edu.au/publications/series/terra-australis/west-new-guinea,1;2
history-coastlines,"West New Guinea: Social, Biological, and Material Histories",Gaffney & Tolla · ANU Press · 2025,https://press.anu.edu.au/publications/series/terra-australis/west-new-guinea,1;2
history-austronesian,The languages of West New Guinea,Laura Arnold · ANU Press · 2025,https://press-files.anu.edu.au/downloads/press/n13144/pdf/ch03.pdf,1;2
history-sentani-settlements,Prehistoric sites in the western Lake Sentani area,Hari Suroto · ANU Press · 2025,https://press-files.anu.edu.au/downloads/press/n13144/pdf/ch12.pdf,1;2
history-kayu-batu-pottery,"Decorated pottery from the Kayu Batu area, Jayapura",Klementin Fairyo · ANU Press · 2025,https://press-files.anu.edu.au/downloads/press/n13144/pdf/ch13.pdf,1;2
history-keerom-rock-art,"Rock art from caves in the Keerom Regency, Papua Province",Klementin Fairyo · ANU Press · 2025,https://press-files.anu.edu.au/downloads/press/n13144/pdf/ch11.pdf,1;2
history-1828,Topics relating to Netherlands New Guinea in nineteenth-century memoranda,J. A. Overweel · 1995,https://www.papuaerfgoed.org/sites/default/files/collectie/files/2004-10/Overweel_1995_Topics_13.pdf,1;2
history-kamoro-collections,A collection of relationships: Kamoro material culture in the museum,Karen Jacobs · ANU Press · 2025,https://press-files.anu.edu.au/downloads/press/n13144/pdf/ch20.pdf,1;2
history-merauke-station,Topics relating to Netherlands New Guinea in nineteenth-century memoranda,J. A. Overweel · 1995,https://www.papuaerfgoed.org/sites/default/files/collectie/files/2004-10/Overweel_1995_Topics_13.pdf,1;2
history-merauke-station,"Educating Children, Civilizing Society",Maaike Derksen · International Review of Social History,https://www.cambridge.org/core/journals/international-review-of-social-history/article/educating-children-civilizing-society-missionary-schools-and-noneuropean-teachers-in-south-dutch-new-guinea-19021942/2991790133D3B7E11667F9C5AFE1B065,1;2
history-wwii,Tracing the remains of World War II on Biak Island,ANU Press · 2025,https://press-files.anu.edu.au/downloads/press/n13144/pdf/ch14.pdf,1;2
history-meege,Meege as bride price in Mee culture,Martinus Tekege · ANU Press · 2025,https://press-files.anu.edu.au/downloads/press/n13144/pdf/ch18.pdf,1;2
history-new-provinces,Law No. 14 of 2022: Papua Selatan,BPK legal database,https://peraturan.bpk.go.id/Details/217796/uu-no-14-tahun-2022,1;2
history-new-provinces,Law No. 29 of 2022: Papua Barat Daya,BPK legal database,https://peraturan.bpk.go.id/Details/232726/uu-no-29-tahun-2022,1;2
history-new-provinces,Decision 47/PUU-XIX/2021,Constitutional Court,https://www.mkri.id/public/content/persidangan/putusan/putusan_mkri_8639_1661992995.pdf,1;2
history-1962,Agreement concerning West New Guinea (West Irian),United Nations Treaty Collection,https://treaties.un.org/Pages/showDetails.aspx?clang=_en&objid=0800000280133981,1
history-1962,United Nations Security Force in West New Guinea — Background,United Nations Peacekeeping,https://peacekeeping.un.org/sites/default/files/past/unsfbackgr.html,1
history-1962,"UN Involvement with the Act of Self Determination in West Irian, 1968–1969",John Saltford · hosted by Free West Papua Campaign,https://www.freewestpapua.org/documents/un-involvement-with-the-act-of-self-determination-in-west-irian-1968-to-1969-by-john-saltford/,1
history-1969,General Assembly Resolution 2504 (XXIV),United Nations Digital Library,https://digitallibrary.un.org/record/202193,3
history-1969,"UN Involvement with the Act of Self Determination in West Irian, 1968–1969",John Saltford · hosted by Free West Papua Campaign,https://www.freewestpapua.org/documents/un-involvement-with-the-act-of-self-determination-in-west-irian-1968-to-1969-by-john-saltford/,1;2;3
history-1969,"Human Rights and Pro-Independence Actions in Papua, 1999–2000: Background",Human Rights Watch,https://www.hrw.org/reports/2000/papua/Pap004-02.htm,1
history-1969,Kobe Oser freedom march,Nationaal Archief · 9 May 1969,https://www.nationaalarchief.nl/onderzoeken/fotocollectie/725d8844-4cb4-d2b8-99c1-2eb6cb2b1085,2
history-mifee,A sweetness like unto death: voices of the indigenous Malind of Merauke,Forest Peoples Programme · 2013,https://www.forestpeoples.org/publications-resources/reports/article/a-sweetness-like-unto-death-voices-of-the-indigenous-malind-of-merauke-papua/,1;2
history-women-testimony,I am Here: Voices of Papuan Women,AJAR · 2019,https://asia-ajar.org/wp-content/uploads/2019/04/I-am-Here-Voices-of-Papuan-Women-2019.pdf,1;2
history-2001,UU No. 21 Tahun 2001 — Otonomi Khusus Bagi Provinsi Papua,BPK RI — Peraturan,https://peraturan.bpk.go.id/Details/44901/uu-no-21-tahun-2001,2;3
history-2001,I Am Here: Voices of Papuan Women,AJAR and the Papuan Women’s Working Group,https://www.asia-ajar.org/files/I%20am%20here%20-%20AJAR%20Report.pdf,4
history-2001,Kopassus troops jailed over Papua leader’s murder,ABC News · 21 April 2003,https://www.abc.net.au/news/2003-04-21/kopassus-troops-jailed-over-papua-leaders-murder/1840650,1
history-untea,UNSF / UNTEA historical background,United Nations Peacekeeping,https://peacekeeping.un.org/en/mission/past/unsfbackgr.html,1;2
history-untea,"New York Agreement, 15 August 1962",United Nations Treaty Series,https://treaties.un.org/doc/publication/unts/volume%20437/volume-437-i-6311-english.pdf,1;2
history-1963,Papua Road Map,LIPI · 2009,https://www.obor.or.id/Papua-Road-Map,1;2
history-mambesak,Muman Minggil: Road to the Ancestors,Yoikatra Association / Cenderawasih University Cultural Museum · Restitution Matters,https://restitutionmatters.org/publication/muman-minggil-docu-about-a-cultural-papuan-group-colonialism-and-restitution/,1
history-1898,Topics relating to Netherlands New Guinea in nineteenth-century memoranda,J. A. Overweel · 1995,https://www.papuaerfgoed.org/sites/default/files/collectie/files/2004-10/Overweel_1995_Topics_13.pdf,1;2
history-koreri,Koreri: Messianic Movements in the Biak-Numfor Culture Area,Freerk Kamma · 1972,https://www.papuaerfgoed.org/sites/default/files/collectie/files/2003-10/Kamma%201972_koreri.pdf,1;2
history-1949,"Constructing Papuan Nationalism: History, Ethnicity, and Adaptation",Richard Chauvel · 2005 · pp. 20–35,https://www.files.ethz.ch/isn/26108/PS014.pdf,1;2
history-1949,Papuan Petitions as an Archive of Decolonisation,Emma Kluge · Journal of Imperial and Commonwealth History,https://www.tandfonline.com/doi/full/10.1080/03086534.2025.2500357,3
history-papuanisation,Papua Road Map,LIPI · 2009,https://www.obor.or.id/Papua-Road-Map,1;2
history-1961,"Constructing Papuan Nationalism: History, Ethnicity, and Adaptation",Richard Chauvel · 2005 · pp. 20–35,https://www.files.ethz.ch/isn/26108/PS014.pdf,1;2;3
history-land,All the Birds Are Gone,AJAR and the Papuan Women’s Working Group,https://asia-ajar.org/wp-content/uploads/2021/03/ABAG_FINAL_compressed.pdf,1
history-land,"Grasberg Mine, Indonesia",NASA Earth Observatory,https://science.nasa.gov/earth/earth-observatory/grasberg-mine-indonesia-5718/,1
history-highlands-1977,"Central Highlands investigation, 1977–78",Asian Human Rights Commission · 2013,https://tapol.org/sites/default/files/sites/default/files/pdfs/NeglectedGenocideAHRC.pdf,1;2
history-reformasi,Human Rights and Pro-Independence Actions in Irian Jaya,Human Rights Watch · 1998,https://www.hrw.org/legacy/reports/reports98/biak/intro.htm,1
history-reformasi,Names Without Graves,ELSHAM Papua · 1999,https://www.biak-tribunal.org/wp-content/uploads/2014/09/Names-Without-Graves_Elsham-Papua-English.pdf,1
history-reformasi,"Constructing Papuan Nationalism: History, Ethnicity, and Adaptation",Richard Chauvel · 2005 · pp. 11–19,https://www.files.ethz.ch/isn/26108/PS014.pdf,2;3
history-2014,About ULMWP,United Liberation Movement for West Papua · institutional account,https://www.ulmwp.org/ulmwp,1;3
history-2014,The Current Status of the Papuan Pro-Independence Movement,IPAC · Report 21 · 24 August 2015,https://tile.loc.gov/storage-services/service/gdc/gdcovop/2017344154/2017344154.pdf,1;2
history-racism-2019,"If It’s Not Racism, What Is It?",Human Rights Watch · 2024,https://www.hrw.org/report/2024/09/18/if-its-not-racism-what-is-it/discrimination-and-other-abuses-against-papuans-in,1;2
history-internet-ruling,Court ruling on internet blackout,Amnesty International Indonesia · 2020,https://www.amnesty.id/kabar-terbaru/siaran-pers/court-ruling-on-internet-blackout-is-a-rare-victory-for-freedom-of-expression-in-papua/06/2020/,1;2
history-otsus-revision,Law No. 2 of 2021,JDIH Ministry of Finance,https://jdih.kemenkeu.go.id/dok/uu-2-tahun-2021,1;2
history-otsus-revision,Decision 47/PUU-XIX/2021,Constitutional Court,https://www.mkri.id/public/content/persidangan/putusan/putusan_mkri_8639_1661992995.pdf,1;2
history-today,UN experts call for urgent humanitarian access in Papua,UN Human Rights Special Procedures,https://www.ohchr.org/en/press-releases/2022/03/indonesia-un-experts-sound-alarm-serious-papua-abuses-call-urgent-aid,1
history-today,Human Rights Committee dialogue with Indonesia,United Nations Human Rights,https://www.ohchr.org/en/meeting-summaries/2024/03/dialogue-indonesia-experts-human-rights-committee-commend-measures,1
history-today,Renewed Fighting Threatens West Papua Civilians,Human Rights Watch · 29 May 2025,https://www.hrw.org/news/2025/05/29/indonesia-renewed-fighting-threatens-west-papua-civilians,1;2
history-today,New Zealand pilot freed from captivity in Papua,Bill Birtles · ABC News · 21 September 2024,https://www.abc.net.au/news/2024-09-21/new-zealand-pilot-phillip-mehrtens-freed-from-captivity-in-papua/104380250,3
history-raja-permits,Four mining permits revoked in Raja Ampat,Ministry of Energy and Mineral Resources · 2025,https://www.esdm.go.id/en/media-center/news-archives/pemerintah-cabut-empat-izin-perusahaan-tambang-di-raja-ampat,1;2
history-psn-2023,Merauke National Strategic Project timeline,Yayasan Pusaka Bentala Rakyat,https://pusaka.or.id/en/lini-masa/merauke-national-strategic-project-timeline/,1;2
history-freeport-contract,History of PT Freeport Indonesia,PT Freeport Indonesia,https://ptfi.co.id/en/about/history,1;2
history-freeport-contract,Papua Road Map,LIPI · 2009,https://www.obor.or.id/Papua-Road-Map,1;2
history-mansinam,They brought us the light,United Evangelical Mission · Martina Pauly,https://www.vemission.org/en/details/they-brought-us-the-light,1;2
history-mansinam,"Educating Children, Civilizing Society",Maaike Derksen · International Review of Social History,https://www.cambridge.org/core/journals/international-review-of-social-history/article/educating-children-civilizing-society-missionary-schools-and-noneuropean-teachers-in-south-dutch-new-guinea-19021942/2991790133D3B7E11667F9C5AFE1B065,1;2
history-digoel,"West New Guinea: Social, Biological, and Material Histories",Gaffney & Tolla · ANU Press · 2025,https://press.anu.edu.au/publications/series/terra-australis/west-new-guinea,1;2
history-resistance,The Current Status of the Papuan Pro-Independence Movement,IPAC · Report 21 · 24 August 2015,https://tile.loc.gov/storage-services/service/gdc/gdcovop/2017344154/2017344154.pdf,1;2;3
history-resistance,Anatomy of an Occupation: The Indonesian Military in West Papua,"Jim Elmslie, Camellia Webb-Gannon & Peter King · 2011",https://documents.uow.edu.au/content/groups/public/@web/@socs/@has/documents/doc/uow270886.pdf,2
history-border-1984,The Integration of Refugees into a Host Country,Rosemary Preston · International Migration Review · 1992,https://journals.sagepub.com/doi/10.1177/019791839202600305,1
history-border-1984,Dwelling in Exile,Diana Glazebrook · 2001,https://www.papuaerfgoed.org/sites/default/files/collectie/files/2007-12/glazebrook_2001_exile.pdf,2
history-border-1984,"Constructing Papuan Nationalism: History, Ethnicity, and Adaptation",Richard Chauvel · 2005 · p. 18,https://www.files.ethz.ch/isn/26108/PS014.pdf,3
history-yosepha,Yosepha Alomang,Goldman Environmental Prize · 2001 recipient,https://www.goldmanprize.org/recipient/yosepha-alomang/,1;2
history-yosepha,"The Amungme, Kamoro & Freeport: How Indigenous Papuans Have Resisted",Abigail Abrash · Cultural Survival,https://www.culturalsurvival.org/publications/cultural-survival-quarterly/amungme-kamoro-freeport-how-indigenous-papuans-have,3
history-fronts-dialogue,The Current Status of the Papuan Pro-Independence Movement,IPAC · Report 21 · 24 August 2015,https://tile.loc.gov/storage-services/service/gdc/gdcovop/2017344154/2017344154.pdf,1
history-fronts-dialogue,Talks between Jakarta and Papua: An Interview with Neles Tebay,Peace Brigades International · 7 July 2010,https://peacebrigades.org/en/news/talks-between-jakarta-and-papua-interview-neles-tebay,2
history-fronts-dialogue,Anatomy of an Occupation: The Indonesian Military in West Papua,"Jim Elmslie, Camellia Webb-Gannon & Peter King · 2011",https://documents.uow.edu.au/content/groups/public/@web/@socs/@has/documents/doc/uow270886.pdf,3
history-amungme-courts,Amungme tuntut Freeport lagi,Rohmatin Bonasir · BBC Indonesia · 9 March 2010,https://www.bbc.com/indonesia/berita_indonesia/2010/03/100308_freeportamungme,1;2
history-amungme-courts,Papuan Tribesmen Sue Freeport for Rights Violations,Jakarta Globe · 17 July 2009 · ETAN archive,https://www.etan.org/et2009/07july/19/17papuan.htm,1
history-kiwirok,"TPNPB allegedly attacks health center in Kiwirok, murders a nurse",Jubi / West Papua Daily · 20 September 2021,https://en.jubi.id/tpnpb-allegedly-attacks-health-center-in-kiwirok-murders-nurse/,1
history-kiwirok,Destroy them first… discuss human rights later: Kiwirok investigation,Human Rights Monitor · August 2023,https://humanrightsmonitor.org/reports/kiwirok-report-2023/,2;3
history-kiwirok,UN experts call for urgent humanitarian access in Papua,UN Human Rights Special Procedures,https://www.ohchr.org/en/press-releases/2022/03/indonesia-un-experts-sound-alarm-serious-papua-abuses-call-urgent-aid,3
history-kiwirok,Ketika pejuang kesehatan korban aksi KKB diselamatkan,Kompas · 17 September 2021,https://www.kompas.id/artikel/ketika-pejuang-kesehatan-korban-aksi-kkb-di-pegunungan-bintang-diselamatkan,1
history-aerial-investigations,Free Fire Zone: West Papua,Declassified Australia · 11 September 2023,https://declassifiedaus.org/2023/09/11/free-fire-zone-west-papua/,1
history-aerial-investigations,Destroy them first… discuss human rights later: Kiwirok investigation,Human Rights Monitor · August 2023,https://humanrightsmonitor.org/reports/kiwirok-report-2023/,1
history-aerial-investigations,Calls for inquiry into Frontier War claims,Asia Pacific Report · 31 January 2025,https://asiapacificreport.nz/2025/01/31/wenda-calls-for-international-inquiry-into-film-claim-that-indonesia-is-using-chemical-weapons-in-west-papua/,2
history-aerial-investigations,Military denies using chemical weapons in West Papua,ABC News · 23 December 2018,https://www.abc.net.au/news/2018-12-23/indonesia-military-denies-using-chemical-weapons-in-west-papua/10664402,2
history-aerial-investigations,Papua: Chemical Weapons · written answer HL4760,UK Parliament · 19 February 2025 · reproduced by Parallel Parliament,https://www.parallelparliament.co.uk/question/HL4760/papua-chemical-weapons,2
history-aerial-investigations,Renewed Fighting Threatens West Papua Civilians,Human Rights Watch · 29 May 2025,https://www.hrw.org/news/2025/05/29/indonesia-renewed-fighting-threatens-west-papua-civilians,3
history-paniai,Anggota TNI ditetapkan sebagai tersangka pelanggaran HAM berat Paniai,BBC Indonesia · March 2022,https://www.bbc.com/indonesia/indonesia-60904780,1
history-paniai,Statement on the Paniai acquittal,LBH Papua · Suara Papua · 9 December 2022,https://suarapapua.com/2022/12/09/putusan-bebas-kasus-pelanggaran-ham-berat-paniai-bukti-negara-tidak-miliki-komitmen-memenuhi-hak-atas-keadilan-bagi-koban/,2
history-gardens,"West New Guinea: Social, Biological, and Material Histories",Gaffney & Tolla · ANU Press · 2025,https://press.anu.edu.au/publications/series/terra-australis/west-new-guinea,1;2
history-population,Population histories of West New Guinea,"Jacobs, Kusuma & Attenborough · ANU Press · 2025",https://press-files.anu.edu.au/downloads/press/n13144/pdf/ch04.pdf,1;2
history-population,Improved phylogenetic resolution and rapid diversification of Y-chromosome haplogroup K-M526,Karafet et al. · 2014,https://www.nature.com/articles/ejhg2014106,1;2
history-pacific,Genomic insights into the peopling of the Southwest Pacific,Skoglund et al. · 2016,https://pmc.ncbi.nlm.nih.gov/articles/PMC5515717/,1;2
history-pacific,Population histories of West New Guinea,"Jacobs, Kusuma & Attenborough · ANU Press · 2025",https://press-files.anu.edu.au/downloads/press/n13144/pdf/ch04.pdf,1;2
history-mission-schooling,"Educating Children, Civilizing Society",Maaike Derksen · International Review of Social History,https://www.cambridge.org/core/journals/international-review-of-social-history/article/educating-children-civilizing-society-missionary-schools-and-noneuropean-teachers-in-south-dutch-new-guinea-19021942/2991790133D3B7E11667F9C5AFE1B065,1;2
history-serido-biak-1950,142-1255,Nationaal Archief,"https://commons.wikimedia.org/wiki/File:Zeekampong_Serido_(Biak),_Bestanddeelnr_142-1255.tif",1
history-hollandia-housing-1953,142-1218,Nationaal Archief,"https://commons.wikimedia.org/wiki/File:Huizenbouw_in_Hollandia,_Bestanddeelnr_142-1218.tif",1
history-manokwari-street-1954,142-1087,Nationaal Archief,"https://commons.wikimedia.org/wiki/File:De_hoofdstraat_in_Manokwari,_Bestanddeelnr_142-1087.tif",1
history-fakfak-neighbourhood-1956,144-0640,Nationaal Archief,"https://commons.wikimedia.org/wiki/File:Chinese_woonwijk_te_Fak-Fak,_Bestanddeelnr_144-0640.tif",1
history-sentani-powe-1958,142-1269,Nationaal Archief,"https://commons.wikimedia.org/wiki/File:Kampong_Pow%C3%AB,_gelegen_aan_een_eilandje_in_het_Sentani-meer,_Bestanddeelnr_142-1269.tif",1
history-merauke-street-1961,142-0820,Nationaal Archief,"https://commons.wikimedia.org/wiki/File:Een_straatje_te_Merauke,_Bestanddeelnr_142-0820.tif",1
history-evacuees-1962,347034_040,Nationaal Archief / Anefo,"https://commons.wikimedia.org/wiki/File:Evacu%C3%A9s_uit_Biak_en_Fak-Fak_arriveerden_op_Schiphol,_Bestanddeelnr_347034_040.tif",1
history-church-institutions,Sejarah GKI di Tanah Papua,Sinode GKI di Tanah Papua · institutional history,https://sinodegkitp.com/bp-sinode-gkitp-2022-2027/,1
history-church-institutions,"Pergerakan Ekumene GKI di Tanah Papua, 1962–2020",MURAI · STFT GKI I.S. Kijne · 2024,https://ojs.stftkijne.ac.id/index.php/jmp/article/view/146,1;3
history-church-institutions,Zakheus Pakage and His Communities,Benny Giay · 1995,https://dacc.net.au/wp-content/uploads/2023/01/Giay_1995_Zakheus.pdf,2
history-church-institutions,Interview with Neles Tebay,Peace Brigades International · July 2010,https://peacebrigades.org/en/news/talks-between-jakarta-and-papua-interview-neles-tebay,3
history-kobe-oser,Document 4430: Kobe Oser meeting,Huygens ING · Dutch diplomatic records · 6 February 1962,https://resources.huygens.knaw.nl/Nederlands-indonesischeBetrekkingen1950-1963/Document/19905,1
history-kobe-oser,Kobe Oser freedom march in The Hague,Nationaal Archief · 9 May 1969 · inventory 347035,https://www.nationaalarchief.nl/onderzoeken/fotocollectie/725d8844-4cb4-d2b8-99c1-2eb6cb2b1085,2
history-kobe-oser,Kobe Oser Koerier,Stichting Papua Erfgoed · catalogue,https://www.papuaerfgoed.org/nl/BK/40/297,2
history-wasior-wamena,Komnas HAM Tolak Pendekatan Politik dalam Selesaikan Kasus Wasior-Wamena,VOA Indonesia · 2016,https://www.voaindonesia.com/a/komnas-ham-tolak-pendekatan-politik-kasus-wasior-wamena-/3305241.html,1;2
history-mimika-health,About Rumah Sakit Mitra Masyarakat,RSMM · institutional history,https://rsmitramasyarakat.com/artikel/about/,1;2
history-mimika-health,LPMAK Sustainability Report 2019,LPMAK / YPMAK · 2019,https://www.ypmak.or.id/wp-content/uploads/2021/11/SR-LPMAK-2019_Final-Kecil.pdf,2
