record_id,path,existing_or_new,english_words_before,english_words_after,indonesian_words_after,paragraphs,sources
history-geography,archaeology,existing,94,163,150,3,2
history-sahul,archaeology,existing,88,167,142,3,1
history-mololo,archaeology,existing,112,185,159,3,2
history-andarewa,archaeology,existing,104,190,182,3,1
history-toe-kria,archaeology,existing,75,155,132,3,1
history-coastlines,archaeology,existing,85,159,148,3,1
history-gardens,land,existing,91,168,146,3,2
history-sentani-settlements,archaeology,existing,93,160,144,3,1
history-kayu-batu-pottery,archaeology,existing,95,149,129,3,1
history-keerom-rock-art,archaeology,existing,104,147,106,3,1
history-austronesian,social,existing,89,159,143,3,1
history-pottery,archaeology,existing,104,231,201,4,1
history-languages,social,existing,98,168,149,3,1
history-population,social,existing,92,160,151,3,2
history-pacific,social,existing,83,156,156,3,2
history-leadership,social,existing,124,203,190,3,1
history-exchange,social,existing,100,175,158,3,3
history-tidore,political,existing,106,180,163,3,1
history-sago,land,existing,118,196,170,3,2
history-khombouw,culture,existing,86,150,133,3,2
history-meege,social,existing,101,155,123,3,1
history-noken-practice,culture,existing,90,167,138,3,1
history-1828,political,existing,87,168,139,3,1
history-kamoro-collections,culture,existing,102,177,159,3,1
history-1898,political,existing,81,155,138,3,1
history-merauke-station,political,existing,86,160,132,3,2
history-mission-schooling,social,existing,87,164,135,3,1
history-digoel,political,existing,103,176,148,3,2
history-koreri,political,existing,86,148,134,3,1
history-wwii,political,existing,90,168,142,3,2
history-1949,political,existing,143,217,189,4,2
history-papuanisation,political,existing,85,165,143,3,2
history-1961,political,existing,163,239,201,4,1
history-1962,political,existing,72,149,120,2,5
history-untea,political,existing,97,169,143,3,2
history-1963,political,existing,84,160,122,3,2
history-freeport-contract,land,existing,93,169,152,3,3
history-1969,political,existing,151,242,227,4,5
history-land,land,existing,67,145,129,2,2
history-highlands-1977,political,existing,82,202,198,4,1
history-mambesak,culture,existing,54,188,155,3,1
history-reformasi,political,existing,143,200,156,3,1
history-women-testimony,social,existing,86,169,140,3,1
history-2001,political,existing,175,180,143,3,1
history-mifee,land,existing,89,234,235,4,1
history-muyu-makers,culture,existing,101,169,143,3,1
history-living,culture,existing,87,158,128,3,1
history-2014,political,existing,139,218,180,4,2
history-racism-2019,political,existing,70,146,137,3,1
history-internet-ruling,political,existing,69,145,113,3,1
history-otsus-revision,political,existing,101,177,139,3,2
history-new-provinces,political,existing,104,178,160,3,3
history-today,political,existing,160,243,194,4,4
history-psn-2023,land,existing,86,162,144,3,1
history-raja-permits,land,existing,71,148,127,3,1
history-mansinam,social,existing,95,169,146,3,2
history-resistance,political,existing,138,260,222,4,4
history-border-1984,political,existing,137,211,186,4,3
history-yosepha,political,existing,144,222,190,4,2
history-fronts-dialogue,political,existing,162,239,207,4,3
history-amungme-courts,land,existing,96,175,154,3,2
history-kiwirok,political,existing,164,247,213,4,4
history-aerial-investigations,political,existing,164,198,173,3,6
history-paniai,political,existing,103,188,155,3,3
history-church-institutions,social,existing,160,238,200,4,5
history-kobe-oser,political,existing,113,186,157,3,3
history-wasior-wamena,political,existing,81,190,157,3,3
history-mimika-health,social,existing,96,173,158,3,2
history-timika-1995,political,new,0,173,155,3,1
history-mapenduma,political,new,0,226,180,3,3
history-biak,political,new,0,243,213,4,3
history-abepura,political,new,0,201,158,3,2
history-theys,political,new,0,174,122,3,1
history-wamena,political,new,0,169,133,3,2
history-nduga,political,new,0,195,157,3,2
