period,source_ids,supported_editorial_content,evidence_basis,precision_notes,source_urls,locator_and_status
"Pepera, 1969",S01;S02;S03;S26;S27,"Hand-picked assemblies, isolation, threats and rehearsed statements; suppression of dissent; international officials knew the outcome was controlled.",Saltford and Musgrave archival scholarship; US diplomatic documents; Papuan witness accounts.,Do not present coercion as only a criticism. Keep a gun threat attached to the particular witness/event that describes it. Published representative counts differ; resolve selected versus attending counts before an exact numeral.,https://resources.huygens.knaw.nl/papoeawestnieuwguinea/papers_pdf/saltford | https://nsarchive2.gwu.edu/NSAEBB/NSAEBB128/ | https://www.ulmwp.org/wp-content/uploads/2019/02/Thomas-Musgrave-An-analysis-of-the-1969-Act-of-Free-Choice-in-West-Papua-2015.pdf | https://westpapuamedia.info/2011/12/03/indonesia-pressured-us-pepera-act-of-free-choice-1969-testimony/ | https://suarapapua.com/2013/06/05/pepera-1969-di-papua-dimenangkan-tni-polri/,Musgrave printed pp.219–221; PDF pp.12–14. Papuan Voices page identifies Rosa Tambaib and Elias Yos Moiwend; video not yet transcribed.
"Trikora and transfer, 1961–1963",S02;S25,Sukarno treated West New Guinea as unfinished Indonesian decolonisation; military incursions and Cold War diplomacy shaped the agreement that excluded Papuan signatories.,"Declassified diplomacy and scholarly history, with the treaty as the legal baseline.","Describe speeches, commands and negotiations; do not invent a psychological motive or equate Dutch policy with Papuan political agency.",https://nsarchive2.gwu.edu/NSAEBB/NSAEBB128/ | https://www.files.ethz.ch/isn/26108/PS014.pdf | https://treaties.un.org/Pages/showDetails.aspx?clang=_en&objid=0800000280133981,New York Agreement articles XVIII and XXII require direct treaty verification when writing exact legal wording.
"Manokwari and Operation Sadar, 1965–1969",S05,"Arfai uprising, military operations in Kebar, Saukorem, Prafi and Ransiki; daily reporting, village burning, aerial attacks and detention ahead of Pepera.",ELSHAM/ICTJ survivor research: more than 100 interviews across four regions.,Attribute witness-derived incidents and geographic reach. Do not convert one reported aerial attack into an unverified campaign-wide death total.,https://www.ictj.org/sites/default/files/ICTJ-ELSHAM-Indonesia-Papua-2012-English.pdf,Printed pp.13–16 / PDF pp.19–22; Operation Sadar and Kebar church damage on printed p.13.
Civilian resistance before Pepera,S05,Sampari teachers and former Council member Baldus Mofu faced imprisonment and torture; repression reached civilian organising as well as OPM commands.,ELSHAM/ICTJ interviews with survivors and fellow detainees.,Use named public historical figures; preserve anonymity of protected interviewees.,https://www.ictj.org/sites/default/files/ICTJ-ELSHAM-Indonesia-Papua-2012-English.pdf,"Printed p.15 / PDF p.21, including repeated detention of Baldus Mofu."
"Central Highlands, 1977–1978",S06,"Ground operations, aerial bombardment, executions, torture and sexual violence; deaths through hunger and disease after flight from villages.","AHRC/ICP retrospective investigation: witness interviews, named victim list and cited contemporary material.","4,146 is the report’s collected list, not an independently established complete toll; do not add overlapping estimates. Napalm/cluster weapon claims retain their particular source basis. Report title uses genocide; distinguish authors’ assessment from a court judgment.",https://tapol.org/sites/default/files/sites/default/files/pdfs/NeglectedGenocideAHRC.pdf,"Printed pp.7–13 / PDF pp.13–19; list of 4,146 on printed pp.8–9; aircraft/commander evidence printed pp.10–12."
"Timika/Freeport area, 1994–1995",S07,"Komnas HAM found extrajudicial killings, disappearances, arbitrary arrest and torture; church reporting includes the Hoea prayer gathering, women and children.",Amnesty ASA21/47/95 reviewing Komnas HAM findings and Bishop Munninghoff’s report.,"Komnas HAM’s 16 executions and four disappearances are its specific findings, not an aggregate to add to other reports. Keep Battalion 752/31 May allegations attached to their evidence. Do not infer Prabowo ordered the killings.",https://www.amnesty.org/en/wp-content/uploads/2021/06/asa210471995en.pdf,"September 1995 report, introduction and section 3.1; full text fetched this pass."
"Mapenduma/Geselema, May 1996",S08;S09;S10,Prabowo led the Kopassus hostage rescue; ELSHAM-linked investigation documented civilian deaths at Geselema and allegations of deception using a familiar white helicopter.,"Contemporary rescue reporting, Mark Davis’s investigative transcript, and Le Temps report of the 2000 ICRC-commissioned investigation.",Separate 9 May civilian attack allegations from 15 May hostage release. Le Temps reports ICRC findings; original commissioned report not recovered here. Do not assert direct personal orders or identify foreign shooters as fact.,https://ojs.aut.ac.nz/pacific-journalism-review/article/view/665 | https://www.letemps.ch/monde/trahi-larmee-indonesienne-cicr-demande-comptes | https://www.independent.co.uk/news/hostage-watched-as-two-friends-were-killed-1347695.html,Davis DOI10.24135/pjr.v6i1.665. Le Temps 15 March 2000. Independent 17 May 1996.
"Biak Berdarah, July 1998",S11;S12,"Morning Star gathering, 6 July military attack, shootings, detention and torture; families denied return of bodies; ELSHAM documented deaths, disappearances and bodies found at sea.","ELSHAM with GKI, GKII and Catholic Church; contemporaneous HRW investigation.","ELSHAM lists eight killed, three disappeared and 32 unidentified bodies separately; do not sum them into a confirmed toll. HRW/ELSHAM unit-number discrepancy needs checking before naming that battalion. Citizens’ tribunal is not a state court. No substantiated Prabowo attribution found in reviewed material.",https://www.biak-tribunal.org/wp-content/uploads/2014/09/Names-Without-Graves_Elsham-Papua-English.pdf | https://www.hrw.org/legacy/reports/reports98/biak/biak.htm | https://www.hrw.org/legacy/reports/reports98/biak/bodies.htm,ELSHAM PDF pp.4–6 for summary and recommendations; detailed testimony later in report.
"Abepura, December 2000–2005",S13;S14,"After an attack on a police post, police raided student dormitories and highlander residential areas; torture and student deaths; senior police defendants acquitted in 2005.",HRW field reporting and Amnesty statement on acquittals.,Do not identify all detained students as the police-post attackers; HRW explicitly describes students refusing to join them.,https://www.hrw.org/reports/2001/papua/PAPUA0701-05.htm | https://www.amnesty.org/en/wp-content/uploads/2021/08/asa210182005en.pdf,"HRW July 2001, Abepura section; Amnesty September 2005 ASA21/18/2005."
Wasior 2001 / Wamena 2003,S15;S16,"Wasior links logging-company disputes, security deployments and reprisals; Wamena military sweeps displaced communities and damaged essential institutions.","Komnas HAM findings reported by BBC, Amnesty Wasior account; Papuan coverage already in prior ledger.","Separate the two events and the two perpetrator institutions; police/Brimob and army are not interchangeable. Distinguish direct deaths from deaths in displacement, and acknowledgement from prosecution.",https://www.bbc.com/indonesia/indonesia-39031020 | https://www.amnesty.id/referensi-ham/artikel-ham/tragedi-wasior/06/2022/,"BBC 2017 quotes Wamena: nine killed, 38 seriously injured, 25 villages displaced, 42 later hunger deaths. Verify original findings before presenting exact totals."
"Paniai, December 2014 / trial 2022",S17;S18;S19,"Beating of a youth preceded a protest; security forces fired on civilians; Komnas HAM gross-violation findings, a single-defendant prosecution, acquittal and two dissenting judges.",Komnas HAM June 2020 statement; BBC updated 9 December 2022; victims/civil society coalition statement.,Prefer verified inquiry victim list: contemporary accounts differ between four and five deaths. Acquittal is a fact; dissent is not a conviction. Check later appeal status before claiming current legal closure.,https://www.komnasham.go.id/files/20200604-surat-keterangan-pers-nomor-023-$4JJ6.pdf | https://www.bbc.com/indonesia/articles/cjq7zx022y2o | https://www.amnesty.id/kabar-terbaru/siaran-pers/tanggapan-masyarakat-sipil-terhadap-putusan-pengadilan-ham-paniai/12/2022/,Primary Komnas HAM statement fetched; BBC distinguishes judgment and dissent.
"MIFEE, 2010–2013",S20,"Named Malind communities describe consultation failures, fragmented customary decisions, imposed compensation terms and forest-dependent food losses.","FPP/Pusaka/Sawit Watch field research, with company perspective and legal analysis.",Do not portray every concession as identical. Use the locality and company in the report rather than generic suffering. Historical planned area is not cleared area.,https://www.forestpeoples.org/fileadmin/uploads/fpp/migration/publication/2013/10/asweetnessundodeathmifeeindonesiaenglish2.pdf,"Complete 76-page PDF downloaded and extracted. Printed pp.28–43: Baad, Wayau, Koa, Zanegi; p.49 company response; p.51 conclusions. Zanegi details checked at printed pp.38–40 / PDF pp.39–41; land transfer predates MIFEE (2009)."
"Nduga, December 2018 onward",S21,"Post-killing military operations, aerial and ground attacks, civilian flight and disruption of schools, health and food access.",UN special procedures communication summarising received information; field reporting as follow-up.,"UN letter is an allegation communication, not a completed investigation; attribute details. State contractor deaths accurately and do not automatically adopt claims all workers were soldiers.",https://spcommreports.ohchr.org/TMResultsBase/DownLoadPublicCommunicationFile?gId=24508 | https://www.aljazeera.com/news/2019/6/5/frightened-and-displaced-papua-children-haunted-by-conflict,"UN communication ID24508; field report 5 June 2019. Needs separate full account, not a weapons-only paragraph."
"Kiwirok, 2021–2023",S22,"HRM documented attacks on settlements, destroyed buildings, displacement and deaths among displaced people using witnesses and satellite imagery.","Human Rights Monitor report, plus local healthworker-attack reporting in prior ledger.",Keep report figures dated and attributed; attacks on healthworkers must remain visible. Distinguish civilian harm from any unverified weapon identification.,https://humanrightsmonitor.org/reports/kiwirok-report-2023/ | https://humanrightsmonitor.org/wp-content/uploads/2023/08/HRM_Destroy_Them_First_Special_Report_2023.pdf,Previous full PDF retained; web report re-fetched this pass.
"Aerial attacks, 2025",S23,"Local church workers, pastors and journalists reported drones/helicopters dropping bombs during renewed fighting; civilians face threats from both military operations and attacks by independence fighters.",HRW interview reporting.,Specific aerial attacks are reported evidence; no blanket claim that every munition is a chemical weapon. Preserve date and place of claims.,https://www.hrw.org/news/2025/05/29/indonesia-renewed-fighting-threatens-west-papua-civilians,29 May 2025; re-fetched this pass. Does not establish every incident through October 2026.
