id,title,type,source_date,credit,source_url,image_source_url,local_image,local_preview,licence,historical_accounts
geology-plate,"Formation of New Guinea. Source plate, Figure 1.2.",document,2025,Dylan Gaffney · ANU Press,https://press-files.anu.edu.au/downloads/press/n13144/pdf/ch01.pdf,,/images/history/research/geology-plate.webp,/images/history/research/geology-plate-thumb.webp,CC BY-NC-ND 4.0,history-geography
sahul-plate,"Bathymetry and reconstructed sea levels, Figure 7.3.",document,2025,ANU Press,https://press-files.anu.edu.au/downloads/press/n13144/pdf/ch01.pdf,,/images/history/research/sahul-plate.webp,/images/history/research/sahul-plate-thumb.webp,CC BY-NC-ND 4.0,history-sahul
coastlines-plate,"Modelling the separation of Misool, Figure 7.5.",document,2025,ANU Press,https://press-files.anu.edu.au/downloads/press/n13144/pdf/ch01.pdf,,/images/history/research/coastlines-plate.webp,/images/history/research/coastlines-plate-thumb.webp,CC BY-NC-ND 4.0,history-coastlines
andarewa-plate,"Andarewa Cave, Fakfak, Figure 9.2.",document,2025,Bau Mene · ANU Press,https://press-files.anu.edu.au/downloads/press/n13144/pdf/ch09.pdf,,/images/history/research/andarewa-plate.webp,/images/history/research/andarewa-plate-thumb.webp,CC BY-NC-ND 4.0,history-andarewa
authority-plate,"Regional language, authority and kinship comparisons, Figure 1.3.",document,2025,Dylan Gaffney · after Mansoben and other studies · ANU Press,https://press-files.anu.edu.au/downloads/press/n13144/pdf/ch01.pdf,,/images/history/research/authority-plate.webp,/images/history/research/authority-plate-thumb.webp,CC BY-NC-ND 4.0,history-leadership
language-plate,"Language families of West New Guinea, Figure 3.1.",document,2025,Laura Arnold · ANU Press,https://press-files.anu.edu.au/downloads/press/n13144/pdf/ch03.pdf,,/images/history/research/language-plate.webp,/images/history/research/language-plate-thumb.webp,CC BY-NC-ND 4.0,history-languages;history-austronesian
sentani-plate,"Western Lake Sentani and archaeological sites, Figure 12.2.",document,2025,Hari Suroto · ANU Press,https://press-files.anu.edu.au/downloads/press/n13144/pdf/ch12.pdf,,/images/history/research/sentani-plate.webp,/images/history/research/sentani-plate-thumb.webp,CC BY-NC-ND 4.0,history-sentani-settlements
kayu-batu-plate,"Archaeological pottery from Kayu Batu cave sites, Figure 13.4.",document,2025,Klementin Fairyo · ANU Press,https://press-files.anu.edu.au/downloads/press/n13144/pdf/ch13.pdf,,/images/history/research/kayu-batu-plate.webp,/images/history/research/kayu-batu-plate-thumb.webp,CC BY-NC-ND 4.0,history-kayu-batu-pottery
keerom-plate,"Rock paintings at Erfe Hora, Figure 11.3.",document,2025,Klementin Fairyo · ANU Press,https://press-files.anu.edu.au/downloads/press/n13144/pdf/ch11.pdf,,/images/history/research/keerom-plate.webp,/images/history/research/keerom-plate-thumb.webp,CC BY-NC-ND 4.0,history-keerom-rock-art
kamoro-1828-plate,"Kamoro armlet collected during the 1828 Triton expedition, Figure 20.1.",document,2025,Wereldmuseum collection RV-16-514 · ANU Press,https://press-files.anu.edu.au/downloads/press/n13144/pdf/ch20.pdf,,/images/history/research/kamoro-1828-plate.webp,/images/history/research/kamoro-1828-plate-thumb.webp,CC BY-NC-ND 4.0,history-1828;history-kamoro-collections
marind-canoes-1902-plate,"Marind canoes meeting HMS Ceram on the Merauke River, 1902.",document,2025,ANU Press · source credits on plate,https://press-files.anu.edu.au/downloads/press/n13144/pdf/ch15.pdf,,/images/history/research/marind-canoes-1902-plate.webp,/images/history/research/marind-canoes-1902-plate-thumb.webp,CC BY-NC-ND 4.0,history-merauke-station
biak-war-plate,"Battle of Biak and its aftermath, Figure 14.2.",document,2025,ANU Press · source credits on plate,https://press-files.anu.edu.au/downloads/press/n13144/pdf/ch14.pdf,,/images/history/research/biak-war-plate.webp,/images/history/research/biak-war-plate-thumb.webp,CC BY-NC-ND 4.0,history-wwii
exchange-shell-plate,"Melo shell used in a Baliem necklace, Figure 17.4.",document,2025,ANU Press · source credits on plate,https://press-files.anu.edu.au/downloads/press/n13144/pdf/ch17.pdf,,/images/history/research/exchange-shell-plate.webp,/images/history/research/exchange-shell-plate-thumb.webp,CC BY-NC-ND 4.0,history-exchange
meege-plate,"Meege and marriage relationships, Figure 18.1.",document,2025,Martinus Tekege · ANU Press,https://press-files.anu.edu.au/downloads/press/n13144/pdf/ch18.pdf,,/images/history/research/meege-plate.webp,/images/history/research/meege-plate-thumb.webp,CC BY-NC-ND 4.0,history-meege
pottery-waigeo-plate,"Decorated pottery from Mololo Cave, Figure 17.7.",document,2025,Dylan Gaffney & Daud Tanudirjo · ANU Press,https://press-files.anu.edu.au/downloads/press/n12314/pdf/ch17.pdf,,/images/history/research/pottery-waigeo-plate.webp,/images/history/research/pottery-waigeo-plate-thumb.webp,CC BY-NC-ND 4.0,history-pottery
province-plate,"Administrative divisions in 1955, 1998, 2015 and 2022, Figure 1.4.",document,2025,Dylan Gaffney · ANU Press,https://press-files.anu.edu.au/downloads/press/n13144/pdf/ch01.pdf,,/images/history/research/province-plate.webp,/images/history/research/province-plate-thumb.webp,CC BY-NC-ND 4.0,history-new-provinces
new-york-agreement-page,"New York Agreement, 15 August 1962. Treaty source page.",document,1962,United Nations Treaty Series,https://treaties.un.org/doc/publication/unts/volume%20437/volume-437-i-6311-english.pdf,,/images/history/research/new-york-agreement-page.webp,/images/history/research/new-york-agreement-page-thumb.webp,not established,history-1962;history-1969
malind-mifee-report,"Malind accounts of MIFEE, Forest Peoples Programme, 2013.",document,2013,Forest Peoples Programme,https://www.forestpeoples.org/publications-resources/reports/article/a-sweetness-like-unto-death-voices-of-the-indigenous-malind-of-merauke-papua/,,/images/history/research/malind-mifee-report.webp,/images/history/research/malind-mifee-report-thumb.webp,not established,history-sago;history-mifee
papuan-women-report,"I Am Here: Voices of Papuan Women, 2019.",document,2019,AJAR · Papuan Women’s Working Group,https://asia-ajar.org/wp-content/uploads/2019/04/I-am-Here-Voices-of-Papuan-Women-2019.pdf,,/images/history/research/papuan-women-report.webp,/images/history/research/papuan-women-report-thumb.webp,not established,history-women-testimony;history-2001
untea-working-1962,UNTEA administration,photo,22 Oct 1962,UN Photo/MS,https://media.un.org/photo/en/asset/oun7/oun7693808,,/images/history/research/untea-working-1962.webp,/images/history/research/untea-working-1962-thumb.webp,not established,history-untea;history-1963
mambesak-ap-kapisa,Arnold Ap and Sam Kapisa,photo,Date not established,Collection Constantinopel Ruhukail · PACE,https://www.papuacollecties.nl/arnold-ap/,,/images/history/research/mambesak-ap-kapisa.webp,/images/history/research/mambesak-ap-kapisa-thumb.webp,not established,history-mambesak
merauke-source-1,Presidential visit to Sermayam,photo,July 2024,Pusaka chronology · original photographer not listed,https://pusaka.or.id/en/lini-masa/merauke-national-strategic-project-timeline/,https://pusaka.or.id/wp-content/uploads/2024/10/merauke-22-Joko-dan-Tebu-Juli-2024-768x543-2.jpg,/images/history/research/merauke-source-1.webp,/images/history/research/merauke-source-1-thumb.webp,not established,history-psn-2023
merauke-source-2,Cleared land near Wanam,photo,2024 · photograph date unspecified,Tempo · reproduced by Pusaka,https://pusaka.or.id/en/lini-masa/merauke-national-strategic-project-timeline/,https://pusaka.or.id/wp-content/uploads/2024/10/merauke-Bukaan-Lahan-Wanam-TEMPO-1170x658-1.jpeg,/images/history/research/merauke-source-2.webp,/images/history/research/merauke-source-2-thumb.webp,not established,history-psn-2023
merauke-source-3,Sermayam development site,photo,2024 · photograph date unspecified,Pusaka chronology · original photographer not listed,https://pusaka.or.id/en/lini-masa/merauke-national-strategic-project-timeline/,https://pusaka.or.id/wp-content/uploads/2024/10/merauke-signal-2024-07-30-153542_004-1170x878-1.jpeg,/images/history/research/merauke-source-3.webp,/images/history/research/merauke-source-3-thumb.webp,not established,
merauke-source-4,Wanam rice-field project,photo,2024 · photograph date unspecified,Pusaka chronology · original photographer not listed,https://pusaka.or.id/en/lini-masa/merauke-national-strategic-project-timeline/,https://pusaka.or.id/wp-content/uploads/2024/10/merauke-3-Proyek-Menhan-dan-Isam-di-Wanam-768x576-1.jpeg,/images/history/research/merauke-source-4.webp,/images/history/research/merauke-source-4-thumb.webp,not established,
merauke-source-6,Sugarcane companies and proposed areas,document,2024 · source table,Pusaka Bentala Rakyat · Table 1,https://pusaka.or.id/en/lini-masa/merauke-national-strategic-project-timeline/,https://pusaka.or.id/wp-content/uploads/2024/10/tabel-1.jpg,/images/history/research/merauke-source-6.webp,/images/history/research/merauke-source-6-thumb.webp,not established,
merauke-source-7,Proposed food-production clusters,document,2024 · source table,Pusaka Bentala Rakyat · Table 2,https://pusaka.or.id/en/lini-masa/merauke-national-strategic-project-timeline/,https://pusaka.or.id/wp-content/uploads/2024/10/tabel2.jpg,/images/history/research/merauke-source-7.webp,/images/history/research/merauke-source-7-thumb.webp,not established,
merauke-source-8,Community action in Merauke,photo,2024 · photograph date unspecified,Pusaka chronology · original photographer not listed,https://pusaka.or.id/en/lini-masa/merauke-national-strategic-project-timeline/,https://pusaka.or.id/wp-content/uploads/2024/10/merauke-11-Aksi-MRP-22082024-768x432-1.jpeg,/images/history/research/merauke-source-8.webp,/images/history/research/merauke-source-8-thumb.webp,not established,history-psn-2023
merauke-source-9,Community representatives and demands,photo,2024 · photograph date unspecified,Pusaka chronology · original photographer not listed,https://pusaka.or.id/en/lini-masa/merauke-national-strategic-project-timeline/,https://pusaka.or.id/wp-content/uploads/2024/10/merauke-3-Aksi-MRP-22082024-1170x864-1.jpeg,/images/history/research/merauke-source-9.webp,/images/history/research/merauke-source-9-thumb.webp,not established,
mololo-cave,"Mololo Cave, Waigeo",photo,2024 · research illustration,Dylan Gaffney et al. · Antiquity 2024,https://www.labrujulaverde.com/en/2024/08/archaeologists-reveal-how-early-humans-entered-the-pacific/,https://cdn.labrujulaverde.com/en/wp-content/uploads/2024/08/Mololo-Cave-scaled-2-1200x800.jpg,/images/history/research/mololo-cave.webp,/images/history/research/mololo-cave-thumb.webp,not established,history-mololo
mololo-resin,Resin artefact from Mololo,document,2024 · research illustration,Dylan Gaffney et al. · Antiquity 2024,https://www.labrujulaverde.com/en/2024/08/archaeologists-reveal-how-early-humans-entered-the-pacific/,https://cdn.labrujulaverde.com/wp-content/uploads/2024/08/urn-cambridge.org-id-binary-alt-20240805235721-66745-optimisedImage-png-S0003598X24000838_fig5.jpg.jpg,/images/history/research/mololo-resin.webp,/images/history/research/mololo-resin-thumb.webp,not established,history-mololo
awyu-hearing-2023,Franky Woro and Rikarda Wome Maa,photo,7 September 2023,Gusti Tanati / Greenpeace,https://www.greenpeace.org/southeastasia/press/62817/verdict-a-setback-for-awyu-indigenous-people-and-papuan-forests/,,/images/history/research/awyu-hearing-2023.webp,/images/history/research/awyu-hearing-2023-thumb.webp,not established,
puncak-komnas-2025,Komnas HAM visit to Puncak,photo,October 2025,Pemerintah Kabupaten Puncak,https://www.puncakkab.go.id/publikasi/berita/568/komnasham-ri-tiba-di-puncak-dengar-langsung-keluhan-para-pengungsi,,/images/history/research/puncak-komnas-2025.webp,/images/history/research/puncak-komnas-2025-thumb.webp,not established,
grasberg-iss-2005,Grasberg from the ISS,photo,25 June 2005,NASA / ISS Crew Earth Observations,https://science.nasa.gov/earth/earth-observatory/grasberg-mine-indonesia-5718/,,/images/history/research/grasberg-iss-2005.webp,/images/history/research/grasberg-iss-2005-thumb.webp,not established,history-land;history-freeport-contract
noken-documentation-2017,Noken documentation,photo,2017,Nurul Ichlasiah,https://commons.wikimedia.org/wiki/File:Noken.jpg,,/images/history/research/noken-documentation-2017.webp,/images/history/research/noken-documentation-2017-thumb.webp,CC BY-SA 4.0,history-living
highlands-investigation-cover,Central Highlands investigation,document,2013,Asian Human Rights Commission,https://tapol.org/sites/default/files/sites/default/files/pdfs/NeglectedGenocideAHRC.pdf,,/images/history/research/highlands-investigation-cover.webp,/images/history/research/highlands-investigation-cover-thumb.webp,not established,history-highlands-1977
saralana-declaration,Saralana Declaration,document,2014,ULMWP,https://www.ulmwp.org/wp-content/uploads/2014/08/Saralana-Declaration_with-Witnesses.pdf,,/images/history/research/saralana-declaration.webp,/images/history/research/saralana-declaration-thumb.webp,not established,history-2014
otsus-court-document,Special-autonomy constitutional challenge,document,2022,Mahkamah Konstitusi,https://www.mkri.id/public/content/persidangan/putusan/putusan_mkri_8639_1661992995.pdf,,/images/history/research/otsus-court-document.webp,/images/history/research/otsus-court-document-thumb.webp,not established,history-otsus-revision
internet-amicus,Internet shutdown amicus brief,document,2020,Access Now,https://www.accessnow.org/wp-content/uploads/2020/05/Indonesia-Shutdowns-Amicus-ENG.pdf,,/images/history/research/internet-amicus.webp,/images/history/research/internet-amicus-thumb.webp,not established,history-internet-ruling
tidore-source,Nineteenth-century New Guinea memoranda,document,1995,J. A. Overweel · PACE collection,https://www.papuaerfgoed.org/sites/default/files/collectie/files/2004-10/Overweel_1995_Topics_13.pdf,,/images/history/research/tidore-source.webp,/images/history/research/tidore-source-thumb.webp,not established,history-tidore
gold-rush-report,Gold Rush,document,2022,Amnesty International,https://www.amnesty.org/en/wp-content/uploads/2022/03/ASA2152572022ENGLISH.pdf,,/images/history/research/gold-rush-report.webp,/images/history/research/gold-rush-report-thumb.webp,not established,
un-displacement-appeal,UN Special Procedures communication,document,2021,UN Special Procedures,https://spcommreports.ohchr.org/TMResultsBase/DownLoadPublicCommunicationFile?gId=26909,,/images/history/research/un-displacement-appeal.webp,/images/history/research/un-displacement-appeal-thumb.webp,not established,history-today
reformasi-report,Violence and Political Impasse in Papua,document,July 2001,Human Rights Watch,https://www.hrw.org/reports/2001/papua/PAPUA0701.pdf,,/images/history/research/reformasi-report.webp,/images/history/research/reformasi-report-thumb.webp,not established,history-reformasi
ariana-elopere-2023,Ariana Elopere,photo,2023,Andreas Harsono / Human Rights Watch,https://www.hrw.org/report/2024/09/18/if-its-not-racism-what-is-it/discrimination-and-other-abuses-against-papuans-in,,/images/history/research/ariana-elopere-2023.webp,/images/history/research/ariana-elopere-2023-thumb.webp,not established,history-racism-2019
raja-historical-sites-plate,Historical and sacred sites in Raja Ampat,document,2025 · research plate,ANU Press · original credits on source page,https://press-files.anu.edu.au/downloads/press/n13144/pdf/ch08.pdf,,/images/history/research/raja-historical-sites-plate.webp,/images/history/research/raja-historical-sites-plate-thumb.webp,not established,history-tidore;history-raja-permits
mansinam-route,The voyage to Mansinam,document,2026 · source diagram,West Papua Watch,https://www.vemission.org/en/details/they-brought-us-the-light,,/images/history/research/mansinam-route.webp,/images/history/research/mansinam-route-thumb.webp,not established,history-mansinam
digoel-internment,Detention in Boven Digoel,document,2026 · source diagram,West Papua Watch,https://press.anu.edu.au/publications/series/terra-australis/west-new-guinea,,/images/history/research/digoel-internment.webp,/images/history/research/digoel-internment-thumb.webp,not established,history-digoel
khombouw-materials,Khombouw materials and work,document,2026 · source diagram,West Papua Watch,https://sentaniarts.wordpress.com/about/,,/images/history/research/khombouw-materials.webp,/images/history/research/khombouw-materials-thumb.webp,not established,history-khombouw
nduga-weneroma-2019,Emergency school in Weneroma,photo,August 2019,Alam Burhanan / VOA,https://projects.voanews.com/kebebasan-pers-papua/indonesian/impact/pengungsi-konflik-nduga-bangun-sekolah-darurat.html,https://projects.voanews.com/kebebasan-pers-papua/img/impact4__1siswasekolah__w420_h420.jpg,/images/history/research/nduga-weneroma-2019.webp,/images/history/research/nduga-weneroma-2019-thumb.webp,not established,history-today
sinta-gebze-road-case,Sinta Gebze submits the Malind lawsuit,photo,2026 · exact photo date unspecified,Alif R Nouddy Korua / Greenpeace,https://www.greenpeace.org/southeastasia/press/69267/court-rejected-indigenous-malind-peoples-lawsuit-challenging-a-135-km-roadway-destroying-customary-forest/,https://www.greenpeace.org/static/planet4-southeastasia-stateless/2026/09/2886151f-gp0su8e6z-1024x684.jpg,/images/history/research/sinta-gebze-road-case.webp,/images/history/research/sinta-gebze-road-case-thumb.webp,not established,
