name	glottocode	family	latitude	longitude
Abawiri	foau1240	Lakes Plain	-3.04582	139.213
Abinomn	abin1243	Unclassified	-2.92281	138.891
Abun	abun1252	Unclassified	-0.57073	132.416
Aghu	aghu1255	Nuclear Trans New Guinea	-6.34674	140.043
Airoran	airo1242	Greater Kwerba	-1.8522	138.158
Ambel	waig1244	Austronesian	-0.17957	130.917
Ambermo	ambe1246	Unclassifiable	-1.763355	137.903651
Anasi	anas1239	Bookkeeping	-1.73908	137.716
Angguruk Yali	angg1239	Nuclear Trans New Guinea	-4.0836	139.457
Ansus	ansu1237	Austronesian	-1.7543	135.866
As	asss1237	Austronesian	-0.75267	131.728
Asue Awyu	asue1235	Nuclear Trans New Guinea	-5.98341	139.123
Atohwaim	atoh1238	Kayagaric	-6.27123	138.666
Auye	auye1238	Nuclear Trans New Guinea	-3.43705	136.096
Awbono	awbo1238	Bayono-Awbono	-5.05875	139.724
Awera	awer1241	Lakes Plain	-2.71886	136.063
Awyi	awyi1241	Border	-3.00564	140.604
Bagusa	bagu1251	Greater Kwerba	-1.98844	137.914
Baham	baha1258	West Bomberai	-3.10628	132.637
Barapasi	bara1375	Geelvink Bay	-2.28732	137.054
Batanta	bata1295	Austronesian	-0.862394	130.646
Bauzi	bauz1241	Geelvink Bay	-2.44717	137.629
Bayono	bayo1260	Bayono-Awbono	-5.21728	139.617
Berik	beri1254	Tor-Orya	-2.26904	138.866
Biak	biak1248	Austronesian	-0.9523	135.879
Bian Marind	bian1251	Anim	-7.35942	140.568
Biga	biga1238	Austronesian	-1.99574	130.272
Biritai	biri1259	Lakes Plain	-2.92042	137.68
Bonggo	bong1287	Austronesian	-2.28044	139.576
Burate	bura1276	Geelvink Bay	-2.79301	136.038
Burmeso	burm1264	Unclassified	-2.47582	138.203
Burumakok	buru1307	Nuclear Trans New Guinea	-5.12217	140.03
Buruwai	buru1308	Nuclear Trans New Guinea	-3.54561	133.327
Busami	busa1254	Austronesian	-1.73681	136.032
Casuarina Coast Asmat	casu1237	Nuclear Trans New Guinea	-6.43005	138.566
Central Asmat	cent2117	Nuclear Trans New Guinea	-5.80391	138.471
Central Awyu	cent2118	Nuclear Trans New Guinea	-6.29363	139.693
Citak	cita1245	Nuclear Trans New Guinea	-5.58276	139.461
Damal	dama1272	Unclassified	-4.17345	137.496
Dao	daoo1238	Nuclear Trans New Guinea	-3.28643	136.421
Dem	demm1245	Unclassified	-3.72183	137.632
Demisa	demi1242	Geelvink Bay	-2.54564	136.694
Demta	demt1241	Sentanic	-2.38475	140.166
Dera (Indonesia)	dera1245	Senagi	-3.52309	140.947
Diuwe	diuw1238	Nuclear Trans New Guinea	-5.12627	139.455
Dombano	aran1237	South Bird's Head	-2.08016	132.983
Doutai	dout1240	Lakes Plain	-3.24832	138.22
Dubu	dubu1240	Pauwasi	-3.62591	140.768
Dusner	dusn1237	Austronesian	-2.73859	134.391
Duvle	duvl1242	Lakes Plain	-3.21832	137.964
Duvle-Wano-Pidgin	duvl1238	Pidgin	-3.013068	138.200358
Edera Awyu	eder1237	Nuclear Trans New Guinea	-7.0038	139.914
Edopi	edop1238	Lakes Plain	-3.11078	137.387
Eipomek	eipo1242	Nuclear Trans New Guinea	-4.33691	140.045
Ekari	ekar1243	Nuclear Trans New Guinea	-3.88974	136.018
Elseng	else1239	Unclassified	-3.00176	140.418
Emumu	emum1240	Pauwasi	-3.74242	140.903
Eritai	erit1239	Lakes Plain	-2.71182	138.053
Fayu	fayu1238	Lakes Plain	-3.14497	136.867
Gresi	gres1240	Nimboranic	-2.72229	140.279
Hatam	hata1243	Hatam-Mansim	-1.13531	134.037
Hupla	hupl1238	Nuclear Trans New Guinea	-4.36349	139.164
Iau	iauu1242	Lakes Plain	-3.14537	137.69
Iha	ihaa1241	West Bomberai	-2.81013	132.271
Irarutu	irar1238	Austronesian	-2.94438	133.586
Isirawa	isir1237	Greater Kwerba	-1.88775	138.595
Itik	itik1240	Tor-Orya	-2.18342	139.341
Jofotek-Bromnya	jofo1235	Tor-Orya	-2.2478	139.2969
Kaburi	kabu1249	South Bird's Head	-1.92547	132.528
Kais	kais1235	South Bird's Head	-1.78077	132.312
Kaiy	kaiy1239	Lakes Plain	-2.94448	138.161
Kalabra	kala1256	West Bird's Head	-1.43074	131.617
Kamoro	kamo1255	Nuclear Trans New Guinea	-4.30433	135.883
Kapori	kapo1250	Unclassified	-3.52696	139.766
Kaptiau	kapt1235	Austronesian	-2.388426	139.795818
Karon Dori	karo1303	Maybratic	-0.7871	132.663
Kaure-Narau	kaur1271	Kaure-Kosare	-3.39188	140.14
Kauwera	kauw1242	Greater Kwerba	-2.22799	138.157
Kayagar	kaya1328	Kayagaric	-6.37677	138.932
Kehu	kehu1238	Unclassified	-3.19328	136.14
Kemberano	kemb1235	South Bird's Head	-2.24495	132.988
Kembra	kemb1250	Lepki-Murkim-Kembra	-3.89065	140.434
Kemtuik	kemt1242	Nimboranic	-2.64894	140.372
Ketengban	kete1254	Nuclear Trans New Guinea	-4.50417	140.443
Ketum	ketu1238	Nuclear Trans New Guinea	-5.34647	140.604
Kia River Awyu	jair1235	Nuclear Trans New Guinea	-6.79732	140.104
Kimaama	kima1246	Kolopom	-8.01899	138.355
Kimki	kimk1238	Unclassified	-4.2742	140.884
Kirikiri	kiri1256	Lakes Plain	-3.18494	137.282
Kofei	kofe1239	Geelvink Bay	-2.414345	136.813619
Kokenop Mandobo	koke1241	Nuclear Trans New Guinea	-5.551923	140.598971
Kokoda	koko1265	South Bird's Head	-2.12872	132.449
Kombai	komb1274	Nuclear Trans New Guinea	-5.54543	139.902
Komyandaret	komy1238	Nuclear Trans New Guinea	-5.25453	140.213
Koneraw	kone1241	Mombum-Koneraw	-8.37424	138.0675
Kopkaka	kopk1238	Nuclear Trans New Guinea	-4.91191	139.926
Korapun-Bromley	kora1298	Nuclear Trans New Guinea	-4.535733	139.680215
Korowai	koro1312	Nuclear Trans New Guinea	-5.26952	140.047
Korupun-Sela	koru1245	Nuclear Trans New Guinea	-4.53497	139.678
Korur	anus1237	Austronesian	-2.26271	139.502
Kosadle	kosa1251	Kaure-Kosare	-3.78748	140.197
Kosarek Yale	kosa1249	Nuclear Trans New Guinea	-4.06603	139.645
Kowiai	kowi1239	Austronesian	-4.21954	133.468
Kwer	kwer1265	Nuclear Trans New Guinea	-5.02008	140.012
Kwerba	nucl1595	Greater Kwerba	-2.2137	138.486
Kwerba Mamberamo	kwer1263	Greater Kwerba	-2.56457	138.436
Kwerisa	kwer1264	Lakes Plain	-2.99145	138.135
Kwesten	kwes1245	Tor-Orya	-2.03622	138.853
Kwinsu	kwin1242	Tor-Orya	-2.3038	139.5137
Legenyem	lege1241	Austronesian	-0.3592	130.749
Lepki	lepk1238	Lepki-Murkim-Kembra	-4.1059	140.464
Lower Grand Valley Dani	lowe1415	Nuclear Trans New Guinea	-4.25684	138.992
Mairasi	nucl1594	Mairasic	-3.4511	134.071
Maklew	makl1246	Bulaka River	-7.74424	139.273
Mander	mand1443	Tor-Orya	-2.29479	138.751
Mandobo Atas	mand1444	Nuclear Trans New Guinea	-5.69357	140.624
Mandobo Bawah	mand1445	Nuclear Trans New Guinea	-6.37255	140.451
Mansim	mans1260	Hatam-Mansim	-0.915054	134.011116
Marau	mara1397	Austronesian	-1.66738	135.797
Marind	nucl1622	Anim	-8.15651	140.009
Marori	moro1289	Unclassified	-8.5692	140.688
Massep	mass1263	Unclassified	-1.74679	138.294
Matbat	matb1237	Austronesian	-1.8801	130.075
Mawes	mawe1251	Unclassified	-2.36944	139.752
Maybrat	maib1239	Maybratic	-1.3679	132.591
Mbaruan	bedo1237	Austronesian	-2.74438	132.566
Mekwei	mekw1241	Nimboranic	-2.52264	140.326
Meoswar	meos1237	Austronesian	-2.07828	134.378
Mer	merr1239	Mairasic	-3.3828	134.731
Meyah	meya1236	East Bird's Head	-1.18016	133.618
Mid Grand Valley Dani	midg1235	Nuclear Trans New Guinea	-4.06322	138.945
Misool-Salawati Ma'ya	maya1282	Austronesian	-1.22329	130.909
Mlap	mlap1238	Nimboranic	-2.57316	140.264
Moi (Indonesia)	moii1235	West Bird's Head	-0.96532	131.52
Molof	molo1262	Unclassified	-3.41946	140.557
Mombum	nucl1452	Mombum-Koneraw	-8.27141	138.773
Momina	momi1242	Bookkeeping	-4.812	139.821
Momogo-Pupis-Irogo	nort2917	Nuclear Trans New Guinea	-4.89854	138.405
Momuna	momu1241	Unclassified	-5.04431	139.26
Moni	moni1261	Nuclear Trans New Guinea	-3.72962	136.886
Mor (Bomberai Peninsula)	morb1239	Unclassified	-2.85747	132.845
Moraid	mora1239	West Bird's Head	-1.04083	131.965
Morop-Dintere	iwur1240	Nuclear Trans New Guinea	-5.11036	140.823
Moskona	mosk1236	East Bird's Head	-1.62201	133.145
Mpur	mpur1239	Unclassified	-0.7489	133.166
Munggui	mung1269	Austronesian	-1.66773	135.918
Murkim	murk1238	Lepki-Murkim-Kembra	-4.07548	140.913
Nabi	kuri1260	Austronesian	-2.80683	134.098
Nafri	nafr1241	Sentanic	-2.65036	140.727
Nakai	naka1265	Nuclear Trans New Guinea	-5.19377	140.512
Nalca	nalc1240	Nuclear Trans New Guinea	-4.26068	139.883
Namla	naml1240	Namla-Tofanma	-3.58	140.66
Narau	nara1265	Bookkeeping	-3.43594	139.876
Ndom	ndom1245	Kolopom	-7.93553	138.019
Nduga	ndug1245	Nuclear Trans New Guinea	-4.34043	138.411
Nggem	ngge1241	Nuclear Trans New Guinea	-3.62735	139.011
Ngkontar Baedi	badi1247	Yam	-8.85301	140.753
Ngkontar Ngkolmpu	ngka1235	Yam	-8.87044	140.818
Nimboran	nucl1633	Nimboranic	-2.5803	140.179
Ninia Yali	nini1235	Nuclear Trans New Guinea	-4.4737	139.39
Nipsan	nips1240	Nuclear Trans New Guinea	-4.14421	139.753
Nisa-Anasi	nisa1239	Geelvink Bay	-1.95386	137.6
North Awyu	nort2918	Nuclear Trans New Guinea	-5.93647	140.068
North Kamrau	kamb1302	Nuclear Trans New Guinea	-3.53189	133.518
North Muyu	nort2916	Nuclear Trans New Guinea	-5.55319	140.84
Obokuitai	obok1239	Lakes Plain	-2.88029	137.924
Onin	onin1245	Austronesian	-2.75976	132.062
Onin Pidgin	onin1237	Pidgin	-2.83	132.083
Ormu	ormu1248	Austronesian	-2.51361	140.6015
Orya	orya1242	Tor-Orya	-2.76483	139.89
Papasena	papa1269	Lakes Plain	-2.87535	138.605
Papuan Malay	papu1250	Austronesian	-2.53482	139.651
Papuma	papu1251	Austronesian	-1.77301	135.907
Pass Valley Yali	pass1247	Nuclear Trans New Guinea	-3.76869	139.26
Pauwi	pauw1243	Austronesian	-1.65	137.8
Pom	pomm1237	Austronesian	-1.64224	135.619
Puragi	pura1253	South Bird's Head	-2.05779	132.304
Rasawa	rasa1243	Lakes Plain	-2.37609	136.352
Riantana	rian1263	Kolopom	-7.50746	138.484
Salawati	made1253	Austronesian	-1.05325	130.833
Samarokena	sama1240	Greater Kwerba	-1.84878	138.34
Saponi	sapo1254	Lakes Plain	-2.385	136.497
Sauri	saur1251	Geelvink Bay	-2.33349	136.79
Sause	saus1247	Unclassified	-3.16632	139.627
Sawi	sawi1257	Nuclear Trans New Guinea	-5.99286	138.643
Seget	sege1235	West Bird's Head	-1.36931	131.218
Semimi	semi1264	Mairasic	-3.71553	134.454
Sempan	semp1241	Nuclear Trans New Guinea	-5.17582	137.588
Senggi	seng1285	Border	-3.41983	140.77
Sentani	nucl1632	Sentanic	-2.6013	140.512
Serui-Laut	seru1244	Austronesian	-1.87766	136.252
Sikaritai	sika1263	Lakes Plain	-2.80285	138.287
Silimo	sili1249	Nuclear Trans New Guinea	-4.52544	139.003
Skou	nucl1634	Sko	-2.64378	140.902
Smärky Kanum	smar1235	Yam	-8.91812	140.897
Sobei	sobe1238	Austronesian	-1.86998	138.75
Sota Kanum	sota1242	Yam	-8.40452	140.969
Sougb	mani1235	East Bird's Head	-1.49611	133.95
South Awyu	sout2941	Nuclear Trans New Guinea	-7.36301	139.538
South Kamrau	sout3425	Nuclear Trans New Guinea	-3.62525	133.44698
South Muyu	sout2940	Nuclear Trans New Guinea	-6.01385	140.815
Southern Yelmek	yelm1242	Bulaka River	-7.93	139.32
Sowanda	sowa1245	Border	-3.28373	140.92
Suabo	suab1238	South Bird's Head	-2.07971	132.157
Tabla	tabl1243	Sentanic	-2.45368	140.396
Taikat	taik1255	Border	-2.9408	140.7495
Tamagario	tama1336	Kayagaric	-6.64493	138.892
Tamnim Citak	tamn1235	Nuclear Trans New Guinea	-5.57962	139.233
Tanahmerah	tana1288	Unclassified	-2.5523	133.18
Tandia	tand1253	Austronesian	-2.84228	134.532
Tangko	tang1353	Nuclear Trans New Guinea	-5.13343	140.269
Tarpia	tarp1240	Austronesian	-2.322279	140.115497
Tause	taus1252	Lakes Plain	-2.8406	136.899
Taworta	tawo1244	Lakes Plain	-3.43455	139.061
Tefaro	tefa1238	Geelvink Bay	-2.35042	136.753
Tehit	tehi1237	West Bird's Head	-1.51049	131.985
Tofanma	tofa1246	Namla-Tofanma	-3.74322	140.591
Towei	towe1240	Pauwasi	-3.87428	140.803
Trimuris	trim1239	Greater Kwerba	-2.15863	138.027
Tsaukambo	tsak1250	Nuclear Trans New Guinea	-5.39076	140.186
Tunggare	tung1293	Geelvink Bay	-3.37462	135.551
Una	unaa1239	Nuclear Trans New Guinea	-4.69676	140.1
Upper Grand Valley Dani	uppe1430	Nuclear Trans New Guinea	-3.94368	138.901
Usku	usku1243	Unclassified	-3.63853	140.502
Vitou	vito1235	Tor-Orya	-2.1111	139.1098
Wabo	wabo1240	Austronesian	-1.77297	136.757
Walak	wala1269	Nuclear Trans New Guinea	-3.8238	138.84
Wambon	wamb1259	Nuclear Trans New Guinea	-5.44334	140.48
Wanam Yelmek	wana1273	Bulaka River	-7.451	139.108
Wandamen	wand1267	Austronesian	-2.25622	133.996
Wanggom	wang1299	Nuclear Trans New Guinea	-5.60094	140.194
Wano	wano1243	Nuclear Trans New Guinea	-3.47858	137.678
Warembori	ware1253	Austronesian	-1.65941	137.566
Wares	ware1254	Unattested	-2.47357	139.337
Waris	wari1266	Border	-3.139	140.931
Waritai	wari1264	Lakes Plain	-3.23021	138.456
Warkay-Bipim	wark1247	Anim	-5.7716	138.638
Waropen	waro1242	Austronesian	-2.31142	136.633
Wauyai	wauy1237	Austronesian	-0.2828	130.597
Western Dani	west2594	Nuclear Trans New Guinea	-3.77127	138.217
Woi	woii1237	Austronesian	-1.62746	135.484
Wolani	wola1243	Nuclear Trans New Guinea	-3.41642	136.703
Woria	wori1246	Geelvink Bay	-2.37997	136.519
Yaben (Konda)	kond1303	Konda-Yahadian	-1.82635	132.06
Yafi	yafi1240	Pauwasi	-3.39765	140.897
Yahadian	yaha1248	Konda-Yahadian	-1.94317	132.096
Yaosakor Asmat	yaos1235	Nuclear Trans New Guinea	-5.61024	138.582
Yaqay	yaqa1246	Anim	-6.66632	139.249
Yarikman	erok1237	Austronesian	-2.83746	132.705
Yaur	yaur1239	Austronesian	-3.32519	134.879
Yawa	nucl1454	Yawa-Saweru	-1.77196	136.263
Yei	yeii1239	Yam	-7.87489	140.863
Yeretuar	yere1243	Austronesian	-3.01713	134.656
Yerisiam	ires1239	Austronesian	-3.62803	135.025
Yetfa	yetf1238	Unclassified	-4.05884	140.653
Yoke	yoke1238	Austronesian	-1.68798	138.028
